Q_val;R_val;S_val;RR_l_0/RR_l_1;signal_std;seq_size;label
-0.5994;1.5025;-0.6037;0.9171;0.2549;256.0;0.0
-0.3619;1.1477;-0.5305;1.0133;0.2325;210.0;0.0
-0.4566;1.6402;-0.5937;1.0279;0.247;257.0;0.0
-0.4959;0.9778;-0.4168;0.9875;0.1591;198.0;0.0
-0.316;1.7007;-0.388;0.9828;0.3687;230.0;0.0
-0.4376;0.9542;-0.3566;1.0316;0.1424;230.0;0.0
-0.5482;1.418;-0.6764;0.9781;0.2452;245.0;0.0
-0.5554;0.9904;-0.4607;1.012;0.1752;195.0;0.0
-0.2984;2.2997;-0.9903;1.0413;0.4883;156.0;0.0
-0.291;1.9471;-0.4819;0.9632;0.3777;227.0;0.0
-0.4225;1.6514;-0.4921;1.0119;0.2525;251.0;0.0
-0.548;1.7643;-0.5245;0.9497;0.266;245.0;0.0
-0.3745;1.9044;-0.2592;1.0479;0.2586;255.0;0.0
-0.5043;0.9807;-0.3796;0.9752;0.1549;226.0;0.0
0.2536;2.4024;0.0694;1.0142;0.2666;214.0;0.0
-0.2104;1.3972;-0.3765;0.9708;0.2995;179.0;0.0
-0.2909;1.2167;-0.4878;1.0211;0.2511;201.0;0.0
-0.2027;2.1645;-0.3793;1.0375;0.4025;217.0;0.0
-0.2586;2.0532;-0.4971;0.9704;0.3968;244.0;0.0
-0.5533;1.9068;-0.4263;1.0234;0.2863;225.0;0.0
-0.5219;1.7046;-0.4557;0.9835;0.2662;251.0;0.0
-0.3587;1.0625;-0.2737;1.0;0.1506;219.0;0.0
-0.1142;2.0831;-0.345;0.9315;0.4066;203.0;0.0
-0.2781;1.3181;-0.532;0.9624;0.289;187.0;0.0
-0.5184;0.8938;-0.4269;0.988;0.1459;227.0;0.0
-0.4692;1.9179;-0.3377;0.9602;0.2674;259.0;0.0
-0.3134;1.234;-0.5054;1.0074;0.2348;227.0;0.0
-0.641;0.9089;-0.5547;1.0127;0.1652;219.0;0.0
-0.3802;1.2095;-0.5364;0.9929;0.2622;204.0;0.0
-0.6002;1.4712;-0.6428;1.0;0.2417;234.0;0.0
-0.4902;1.6416;-0.6261;0.9946;0.2442;247.0;0.0
0.0325;1.57;-0.2317;0.9774;0.2807;189.0;0.0
-0.5842;1.4129;-0.6717;0.994;0.2469;229.0;0.0
-0.4178;2.8437;-0.6871;0.931;0.7277;240.0;0.0
-0.4942;2.1042;-1.1214;0.9909;0.4869;154.0;0.0
-0.3824;1.1471;-0.5672;1.0144;0.2336;192.0;0.0
-0.2527;1.3067;-0.4444;1.0068;0.2794;212.0;0.0
-0.6712;1.2294;-0.4414;1.0142;0.2951;196.0;0.0
-0.5867;1.2533;-0.6561;1.0898;0.2248;233.0;0.0
-0.1535;1.8963;-0.3639;0.9613;0.3698;231.0;0.0
-0.535;0.9061;-0.4228;0.9808;0.1521;214.0;0.0
-0.604;1.0086;-0.4878;0.9535;0.1709;229.0;0.0
-0.492;0.9678;-0.3397;1.006;0.1425;227.0;0.0
-0.5002;1.5357;-0.4972;1.0366;0.2405;244.0;0.0
-0.5756;0.8654;-0.5224;1.0071;0.1531;203.0;0.0
-0.5455;1.1385;-0.4903;1.0;0.1936;219.0;0.0
-0.583;1.8168;-0.4037;0.9766;0.2728;250.0;0.0
-0.6412;1.5874;-0.6687;0.9826;0.2679;242.0;0.0
-0.3868;1.6448;-0.5191;1.0;0.2474;238.0;0.0
-0.4789;2.5697;-0.7056;1.0667;0.6508;308.0;0.0
-0.3715;1.1553;-0.5359;1.0072;0.2758;160.0;0.0
-0.441;1.5775;-0.4623;0.9651;0.2533;250.0;0.0
-0.1041;1.9115;-0.2526;0.9551;0.3365;227.0;0.0
-0.6982;0.7935;-0.5183;1.0061;0.159;227.0;0.0
-0.1126;1.904;-0.3258;1.0;0.367;225.0;0.0
-0.3275;2.1541;-0.9716;1.0789;0.5255;162.0;0.0
-0.2713;1.2274;-0.5651;1.0305;0.2845;191.0;0.0
-0.5935;0.9523;-0.4268;0.9474;0.1569;218.0;0.0
-0.436;1.7674;-0.3154;0.9492;0.2542;248.0;0.0
0.1157;1.7845;0.0958;1.0391;0.237;189.0;0.0
-0.44;1.1074;-0.6643;1.0074;0.2862;176.0;0.0
-0.4826;1.8561;-0.354;1.0;0.2789;228.0;0.0
-0.4435;1.1054;-0.3036;0.9882;0.1639;233.0;0.0
-0.4657;1.8096;-0.4631;1.0427;0.264;244.0;0.0
-0.5095;1.0672;-0.4164;1.0;0.1759;213.0;0.0
-0.3303;1.1313;-0.4856;1.0504;0.2174;201.0;0.0
-0.2782;2.6208;-0.9498;0.9554;0.6858;312.0;0.0
-0.3602;1.1964;-0.5026;0.9932;0.2466;206.0;0.0
-0.2832;1.2579;-0.4696;1.0;0.2538;204.0;0.0
-0.3378;1.5809;-0.0636;0.9873;0.3246;215.0;0.0
-0.5178;0.9875;-0.4404;1.1356;0.1583;234.0;0.0
-0.5364;1.0788;-0.4238;0.9176;0.1703;230.0;0.0
-0.4045;1.8787;-0.4325;0.9605;0.2732;249.0;0.0
-0.4782;1.688;-0.3765;0.9253;0.2506;248.0;0.0
-0.4591;1.7147;-0.386;1.0373;0.2553;257.0;0.0
-0.4649;1.7176;-0.4056;0.994;0.2624;230.0;0.0
-0.3455;1.2212;-0.5507;0.9724;0.2686;197.0;0.0
-0.5562;0.9292;-0.5195;0.9451;0.1618;240.0;0.0
-0.5147;0.9222;-0.42;1.0795;0.1744;206.0;0.0
-0.4961;0.976;-0.4545;1.0577;0.1556;221.0;0.0
-0.4973;1.8074;-0.4282;0.9615;0.2806;233.0;0.0
-0.411;2.9875;-0.9911;1.0321;0.7371;311.0;0.0
-0.4793;1.0977;-0.3093;0.9875;0.1643;226.0;0.0
-0.1414;2.1627;-0.3758;0.9697;0.3828;257.0;0.0
-0.5061;1.2024;-0.3492;0.9467;0.176;234.0;0.0
-0.3634;2.3634;-0.876;1.0183;0.5038;154.0;0.0
-0.742;0.4934;-0.6158;1.0066;0.1279;209.0;0.0
-0.1892;1.857;0.0238;1.0473;0.3148;229.0;0.0
-0.6539;0.7996;-0.599;0.9524;0.1677;206.0;0.0
-0.1458;2.0369;-0.383;0.9497;0.4113;232.0;0.0
-0.1484;2.2679;-0.6089;1.1842;0.4782;156.0;0.0
-0.5153;0.8258;-0.4784;0.9939;0.1422;231.0;0.0
-0.4471;1.7641;-0.4099;1.0116;0.2496;236.0;0.0
-0.3372;2.4769;-1.0926;1.0092;0.6967;309.0;0.0
-0.2957;1.294;-0.4902;0.958;0.2715;202.0;0.0
-0.4908;0.8704;-0.4264;0.9939;0.1448;234.0;0.0
-0.5189;1.7312;-0.5065;0.9821;0.2545;248.0;0.0
-0.3201;1.267;-0.5043;0.9859;0.2619;198.0;0.0
-0.2205;1.2841;-0.4044;1.0355;0.2653;193.0;0.0
-0.2212;1.2977;-0.4531;0.96;0.2711;204.0;0.0
-0.3335;1.1808;-0.577;1.0;0.2929;190.0;0.0
-0.5071;1.1037;-0.4157;0.9799;0.1984;218.0;0.0
-0.5336;1.0995;-0.4113;0.9353;0.1804;236.0;0.0
-0.1812;1.8364;-0.3256;1.0137;0.3683;178.0;0.0
-0.5138;0.9015;-0.3674;1.0382;0.1577;215.0;0.0
-0.3955;1.8283;0.0834;0.9152;0.3567;258.0;0.0
-0.3434;1.2517;-0.5282;0.9648;0.2624;202.0;0.0
-0.5304;1.769;-0.4187;1.0057;0.2654;246.0;0.0
-0.2866;1.1777;-0.4765;0.9592;0.242;205.0;0.0
-0.5573;0.8896;-0.5168;0.9793;0.1664;206.0;0.0
-0.3474;1.9241;-0.298;1.0171;0.2635;249.0;0.0
-0.3027;1.2291;-0.5386;1.0216;0.2739;198.0;0.0
-0.4508;1.1089;-0.3569;1.0062;0.1668;207.0;0.0
-0.4332;0.9562;-0.385;0.9939;0.155;228.0;0.0
-0.4691;1.4096;-0.5209;0.9942;0.2255;247.0;0.0
-0.5362;1.2424;-0.3691;1.0126;0.1985;221.0;0.0
-0.4115;1.1155;-0.7712;0.9779;0.2901;181.0;0.0
-0.2041;2.3252;-0.4075;0.9732;0.4294;226.0;0.0
-0.4607;2.2957;-0.9645;0.9478;0.5004;152.0;0.0
0.2483;2.1625;0.0513;0.9938;0.3121;215.0;0.0
-0.4889;0.9571;-0.3282;1.0;0.1474;226.0;0.0
-0.5259;1.5154;-0.5202;1.0216;0.2356;234.0;0.0
-0.5523;0.8921;-0.42;1.0719;0.1512;219.0;0.0
-0.46;2.0666;-1.1029;0.991;0.4856;155.0;0.0
-0.2747;1.177;-0.4945;1.0;0.2499;207.0;0.0
-0.5003;1.6481;-0.4052;0.9888;0.2582;242.0;0.0
-0.4549;1.0826;-0.2521;0.9817;0.1598;231.0;0.0
-0.3884;1.1477;-0.5858;0.9933;0.2617;211.0;0.0
-0.4417;1.6772;-0.3903;0.9595;0.2474;246.0;0.0
-0.3591;1.1473;-0.5397;1.0352;0.2362;197.0;0.0
-0.5103;1.7578;-0.5202;0.9827;0.2758;229.0;0.0
-0.4725;1.1699;-0.3294;1.0519;0.1706;215.0;0.0
-0.2719;1.2991;-0.4582;0.9396;0.2701;204.0;0.0
-0.5961;1.8276;-0.4863;0.9941;0.2734;245.0;0.0
-0.4828;0.8863;-0.3926;1.0506;0.1477;221.0;0.0
-0.4281;2.1397;-1.0898;1.055;0.4744;154.0;0.0
-0.4901;1.878;-0.3866;0.9489;0.2748;240.0;0.0
-0.546;1.0165;-0.4365;0.9709;0.1645;236.0;0.0
-0.4586;1.8418;-0.6316;1.0897;0.4097;174.0;0.0
-0.2792;1.9829;-0.4629;0.9742;0.3902;210.0;0.0
-0.3268;1.1795;-0.5256;1.0496;0.2461;199.0;0.0
-0.3078;1.2068;-0.4219;0.9863;0.2346;200.0;0.0
-0.5113;1.4877;-0.5878;0.9885;0.2418;240.0;0.0
-0.5496;1.5838;-0.6137;1.0385;0.2417;245.0;0.0
-0.4601;1.7753;-0.3719;0.9831;0.2488;243.0;0.0
-0.3265;1.5311;-0.5426;0.8416;0.3736;227.0;0.0
-0.5257;1.6371;-0.5258;0.9333;0.2592;247.0;0.0
-0.4032;1.0905;-0.6018;1.0081;0.2858;175.0;0.0
-0.3829;2.1847;-0.9526;0.9908;0.4875;154.0;0.0
-0.5209;1.549;-0.6172;0.9781;0.2576;251.0;0.0
-0.5167;0.9946;-0.3419;1.038;0.1576;234.0;0.0
-0.2407;1.5284;-0.5329;1.0107;0.2098;239.0;0.0
-0.594;0.7448;-0.4942;1.0;0.145;232.0;0.0
-0.5307;2.1486;-0.9411;0.9729;0.4846;150.0;0.0
-0.2687;1.8636;-0.5019;0.9506;0.3336;242.0;0.0
-0.385;1.3227;-0.4535;0.9669;0.2752;206.0;0.0
-0.5789;1.6752;-0.4597;1.0516;0.2613;237.0;0.0
-0.3789;2.1595;-0.974;1.0;0.5587;165.0;0.0
-0.4023;1.6016;-0.4674;0.9586;0.4231;166.0;0.0
-0.4866;0.7975;-0.4128;1.0301;0.1383;224.0;0.0
-0.3993;1.4081;-0.4941;1.0227;0.2237;233.0;0.0
-0.3246;1.7394;-0.4679;1.0616;0.3482;197.0;0.0
-0.2663;1.2753;-0.4544;0.993;0.2604;196.0;0.0
-0.3352;1.9901;-0.5217;1.0464;0.4006;201.0;0.0
-0.3515;1.2055;-0.6497;1.0426;0.2935;172.0;0.0
-0.3554;1.2721;-0.5791;1.0552;0.2821;188.0;0.0
-0.4909;0.9491;-0.427;0.9936;0.1529;239.0;0.0
-0.4991;1.3855;-0.6293;0.9886;0.2344;226.0;0.0
-0.4896;1.3798;-0.4911;1.0147;0.228;204.0;0.0
-0.3634;1.2363;-0.5773;0.9797;0.2732;208.0;0.0
-0.5777;1.706;-0.6059;0.9942;0.2641;248.0;0.0
-0.5308;1.7446;-0.4798;1.0113;0.2668;236.0;0.0
-0.8261;1.0877;-1.046;1.0216;0.22;239.0;0.0
-0.178;2.0893;-0.3842;1.0368;0.3957;237.0;0.0
-0.2833;1.2888;-0.4817;1.0133;0.2628;207.0;0.0
-0.4688;1.5161;-0.5511;1.0235;0.2361;251.0;0.0
-0.3454;1.2488;-0.6167;1.0231;0.2965;182.0;0.0
-0.2941;1.329;-0.4817;0.9608;0.2689;202.0;0.0
-0.3443;1.1977;-0.5523;1.0144;0.2586;199.0;0.0
-0.3034;1.123;-0.4542;0.9929;0.2187;192.0;0.0
-0.5624;2.0366;-1.0305;0.9909;0.4618;155.0;0.0
-0.4966;1.9745;-0.4053;0.9939;0.2946;238.0;0.0
-0.3777;1.1612;-0.5913;1.0486;0.2674;207.0;0.0
-0.3613;1.1867;-0.4047;1.0548;0.2501;200.0;0.0
-0.4257;1.4648;-0.4677;0.9278;0.2309;264.0;0.0
-0.5101;0.8731;-0.4623;1.0064;0.146;216.0;0.0
-0.3455;2.6624;-0.447;0.9825;0.608;234.0;0.0
-0.1987;2.1387;-0.3887;1.0178;0.3819;216.0;0.0
-0.3592;1.0335;-0.5135;0.9726;0.2748;200.0;0.0
-0.3;2.2328;-0.9737;0.9821;0.4872;156.0;0.0
-0.092;1.3846;-0.4622;1.036;0.2583;198.0;0.0
-0.2862;2.2182;-0.9556;0.8083;0.4778;155.0;0.0
-0.3187;1.624;0.0697;1.0263;0.3477;211.0;0.0
-0.2684;1.9454;-0.4987;1.0979;0.3733;212.0;0.0
-0.3575;1.1481;-0.5388;1.0282;0.2533;193.0;0.0
-0.639;1.3545;-0.744;0.9938;0.2604;217.0;0.0
-0.161;2.0768;-0.2826;1.0;0.3812;212.0;0.0
-0.737;0.7541;-0.6504;1.0455;0.166;216.0;0.0
-0.2293;1.983;-0.3368;1.0;0.406;168.0;0.0
-0.3451;1.0577;-0.4796;0.9859;0.2255;196.0;0.0
-0.3729;1.1083;-0.562;0.9932;0.228;203.0;0.0
-0.558;2.0568;-1.0032;1.0566;0.5015;153.0;0.0
-0.4285;1.5243;-0.5435;0.9721;0.245;250.0;0.0
-0.507;1.7267;-0.3965;0.9944;0.2617;252.0;0.0
-0.5413;1.8361;-0.4983;1.0173;0.2733;237.0;0.0
-0.4694;1.458;-0.5283;1.0345;0.2225;243.0;0.0
-0.6797;0.7294;-0.4973;1.0131;0.1472;233.0;0.0
-0.3101;1.2894;-0.5322;0.9779;0.2896;184.0;0.0
0.0046;1.8762;-0.105;0.9161;0.3142;200.0;0.0
-0.4681;0.9302;-0.3169;1.044;0.1497;216.0;0.0
-0.2654;1.2305;-0.5212;1.0;0.2611;192.0;0.0
-0.565;0.7868;-0.4894;1.0427;0.1432;220.0;0.0
-0.2482;1.2459;-0.4429;1.0;0.2614;195.0;0.0
-0.4949;1.1365;-0.3595;1.0242;0.1985;213.0;0.0
-0.6013;0.8392;-0.4325;1.0121;0.1507;222.0;0.0
-0.5473;1.3218;-0.5287;1.0333;0.2416;212.0;0.0
-0.5366;0.8371;-0.4474;1.0204;0.1428;212.0;0.0
-0.5117;1.3853;-0.631;1.0581;0.2175;250.0;0.0
-0.5355;1.1463;-0.3375;0.9877;0.1799;231.0;0.0
-0.5228;1.4061;-0.5266;1.0276;0.2229;251.0;0.0
-0.5415;1.741;-0.424;1.0679;0.2744;223.0;0.0
-0.1152;1.8846;-0.3249;1.0154;0.3572;210.0;0.0
-0.4303;1.6777;-0.5463;0.9457;0.2459;265.0;0.0
-0.4828;0.9223;-0.3501;1.0542;0.1501;222.0;0.0
-0.3549;1.2098;-0.5379;0.951;0.2641;195.0;0.0
-0.5472;1.8375;-0.3667;1.0482;0.2769;246.0;0.0
0.3152;2.5068;-0.385;1.0278;0.4455;162.0;0.0
-0.0851;2.2783;-0.2623;1.0753;0.4642;164.0;0.0
-0.3028;1.3332;-0.5774;1.0224;0.3027;190.0;0.0
-0.535;1.5413;-0.4114;1.0355;0.2407;235.0;0.0
-0.5815;0.9025;-0.48;0.9693;0.1557;235.0;0.0
-0.1794;2.3254;-0.7365;0.9636;0.4743;153.0;0.0
-0.1291;2.1202;-0.3208;0.9695;0.4405;185.0;0.0
-0.2473;2.1099;-0.9342;1.0091;0.4743;152.0;0.0
-0.3371;1.549;-0.4464;1.0117;0.2399;249.0;0.0
-0.4693;1.48;-0.576;0.9778;0.2293;246.0;0.0
-0.5197;1.9195;-0.4301;0.9483;0.284;255.0;0.0
-0.5774;0.8724;-0.5107;1.0303;0.1564;227.0;0.0
-0.1605;2.4799;-0.7007;1.0089;0.6154;153.0;0.0
-0.5283;1.0226;-0.3616;1.0;0.1691;220.0;0.0
-0.461;1.5516;-0.5421;1.0056;0.243;238.0;0.0
-0.5435;0.8714;-0.4259;0.9809;0.153;230.0;0.0
-0.1174;2.3069;-0.3202;0.9684;0.4377;231.0;0.0
-0.3037;1.1372;-0.3919;0.9583;0.2251;194.0;0.0
-0.5861;1.681;-0.5504;1.0234;0.2665;230.0;0.0
-0.5941;0.926;-0.5095;0.9518;0.1615;234.0;0.0
-0.5002;2.0925;-1.0843;1.0459;0.4973;158.0;0.0
-0.3832;1.7814;-0.457;0.9558;0.251;247.0;0.0
-0.4706;1.732;-0.5513;1.0;0.2557;253.0;0.0
-0.2545;1.1323;-0.6508;0.9695;0.2858;188.0;0.0
-0.3614;1.2279;-0.5536;0.9789;0.2777;200.0;0.0
-0.404;1.2205;-0.6014;1.0312;0.2747;193.0;0.0
-0.2819;2.1292;-0.474;0.9867;0.4076;206.0;0.0
-0.3515;1.2094;-0.5601;0.9865;0.2703;197.0;0.0
-0.4184;1.6998;-0.4933;0.9941;0.2542;240.0;0.0
-0.2943;1.9635;-0.2637;1.035;0.2792;227.0;0.0
-0.285;1.7296;0.0656;1.0427;0.3344;215.0;0.0
-0.4947;0.9126;-0.3791;1.0123;0.148;218.0;0.0
-0.5314;1.8185;-0.5133;1.0;0.2847;241.0;0.0
-0.2811;1.257;-0.4914;0.9595;0.2981;165.0;0.0
-0.2925;2.5744;-0.4032;1.0276;0.6316;229.0;0.0
-0.4494;1.5613;-0.5695;1.0333;0.2364;249.0;0.0
-0.4653;1.6648;-0.6005;0.96;0.2539;240.0;0.0
-0.4744;1.7315;-0.469;0.959;0.2437;240.0;0.0
-0.2989;1.2843;-0.5248;1.0219;0.2662;198.0;0.0
-0.2328;2.0203;-0.4085;1.0802;0.3394;290.0;0.0
-0.5724;2.0405;-0.9607;1.0377;0.4918;151.0;0.0
-0.2936;1.9174;-0.4505;0.9162;0.4316;186.0;0.0
-0.2797;1.3485;-0.4487;1.0;0.2819;197.0;0.0
-0.5215;1.0721;-0.4614;0.9571;0.1836;228.0;0.0
-0.2114;2.0746;-0.5189;1.0892;0.4358;165.0;0.0
-0.446;2.1455;-0.9435;1.0268;0.4687;154.0;0.0
-0.4664;1.4564;-0.6124;0.9701;0.2224;269.0;0.0
-0.5057;1.8454;-0.3751;1.0473;0.2715;236.0;0.0
-0.5429;1.6575;-0.502;0.9657;0.2602;246.0;0.0
-0.473;1.4355;-0.4079;0.9071;0.2364;208.0;0.0
-0.4342;1.8073;-0.4732;1.0412;0.2661;227.0;0.0
-0.479;1.5428;-0.5818;1.0229;0.2372;256.0;0.0
-0.391;1.201;-0.3003;0.9693;0.1906;216.0;0.0
-0.3183;1.2632;-0.5953;1.0;0.2862;208.0;0.0
-0.503;1.1821;-0.3932;1.0311;0.1905;217.0;0.0
-0.4812;1.8955;-0.3798;1.0571;0.2665;240.0;0.0
-0.3317;1.2093;-0.4703;0.9517;0.253;200.0;0.0
-0.5037;1.0264;-0.3496;1.0;0.1737;218.0;0.0
-0.4766;1.0006;-0.3834;1.0064;0.1571;231.0;0.0
-0.4356;1.1183;-0.6133;1.0203;0.2612;210.0;0.0
-0.4925;1.0076;-0.3483;1.006;0.1494;231.0;0.0
-0.1549;2.0727;-0.3845;1.018;0.3887;227.0;0.0
-0.5012;1.7985;-0.3942;1.018;0.2601;235.0;0.0
-0.5841;0.8061;-0.4656;0.9934;0.1401;228.0;0.0
-0.2289;1.2453;-0.3436;0.9722;0.2353;199.0;0.0
-0.8045;0.8265;-0.9197;1.0289;0.2068;239.0;0.0
-0.456;0.8661;-0.3811;0.9747;0.1324;213.0;0.0
-0.2455;1.8373;-0.4306;0.9944;0.3745;230.0;0.0
-0.4672;1.737;-0.6071;0.9946;0.2562;254.0;0.0
-0.1705;1.7859;-0.3256;1.052;0.2428;244.0;0.0
-0.4211;1.2023;-0.3356;0.9935;0.1698;216.0;0.0
-0.5779;1.8189;-0.4719;0.9773;0.2839;235.0;0.0
-0.503;0.9695;-0.7642;1.0444;0.2554;195.0;0.0
-0.2633;2.395;-0.8106;1.028;0.5629;154.0;0.0
-0.3007;1.229;-0.5042;1.0345;0.2547;199.0;0.0
-0.2416;1.2701;-0.6189;0.9854;0.2735;197.0;0.0
-0.4598;1.046;-0.352;0.9461;0.1549;234.0;0.0
-0.1793;1.4449;-0.279;1.0143;0.2937;187.0;0.0
-0.4159;1.1923;-0.5038;0.9931;0.2487;202.0;0.0
-0.4333;2.3491;-0.64;1.0514;0.6424;304.0;0.0
-0.4238;1.4375;-0.3729;1.084;0.2499;190.0;0.0
-0.5336;0.8862;-0.4435;1.006;0.1591;226.0;0.0
-0.502;1.141;-0.3371;1.0191;0.1707;222.0;0.0
-0.5057;1.6701;-0.5996;1.0452;0.2568;235.0;0.0
-0.472;1.4788;-0.6095;0.9665;0.2359;244.0;0.0
-0.5017;1.6857;-0.3875;0.9826;0.2624;238.0;0.0
-0.439;1.127;-0.6648;0.9928;0.2999;184.0;0.0
-0.3927;1.2464;-0.5364;0.9521;0.2693;198.0;0.0
-0.2775;1.2302;-0.4918;0.9868;0.2488;204.0;0.0
-0.584;1.7175;-0.5636;0.9763;0.2628;240.0;0.0
-0.4788;1.1672;-0.403;0.982;0.1905;234.0;0.0
-0.5188;1.6261;-0.4212;1.04;0.2478;244.0;0.0
-0.2271;1.3482;-0.4579;1.0213;0.2705;198.0;0.0
-0.546;1.5247;-0.6013;0.9358;0.2484;236.0;0.0
-0.418;1.0849;-0.7405;0.9792;0.2832;196.0;0.0
0.0396;3.0416;0.0081;1.0233;0.4592;196.0;0.0
-0.2121;1.253;-0.5602;0.9921;0.2832;174.0;0.0
-0.5141;1.6194;-0.5485;1.0123;0.2348;266.0;0.0
-0.6654;0.7952;-0.5668;1.0207;0.1673;206.0;0.0
-0.6052;1.6361;-0.4904;1.0;0.2748;252.0;0.0
-0.5117;1.7347;-0.4284;1.0063;0.2681;224.0;0.0
-0.484;1.3281;-0.6007;0.9882;0.2177;257.0;0.0
-0.4731;1.8293;-0.4748;0.9771;0.2607;254.0;0.0
-0.5221;1.6862;-0.4885;0.9653;0.257;238.0;0.0
-0.3409;1.1973;-0.5619;0.9864;0.2895;172.0;0.0
-0.5286;1.0137;-0.7234;0.9728;0.2806;177.0;0.0
-0.6544;1.7816;-0.5684;1.011;0.2718;231.0;0.0
-0.527;1.4676;-0.5355;0.9609;0.2381;256.0;0.0
-0.4232;2.2169;-0.901;0.982;0.5067;156.0;0.0
-0.4689;1.5504;-0.4967;1.0452;0.2404;244.0;0.0
-0.5057;1.754;-0.4543;0.9176;0.2706;249.0;0.0
-0.4443;1.669;-0.4634;1.0111;0.2351;239.0;0.0
-0.4376;0.9566;-0.368;0.961;0.1459;226.0;0.0
-0.249;1.2988;-0.4322;0.98;0.2677;202.0;0.0
-0.1519;1.6897;-0.3145;0.974;0.2971;219.0;0.0
-0.8123;1.2153;-0.9607;0.9494;0.2314;255.0;0.0
-0.2679;1.27;-0.473;1.0068;0.259;197.0;0.0
-0.2778;1.1134;-0.4885;0.9801;0.2451;206.0;0.0
-0.4269;1.9933;-1.0288;0.9732;0.4848;143.0;0.0
-0.4381;1.6484;-0.5365;1.0;0.2491;244.0;0.0
-0.3058;1.2338;-0.4816;0.9789;0.2674;193.0;0.0
-0.3462;1.7595;0.0181;1.0;0.3473;220.0;0.0
-0.6464;1.6188;-0.6316;0.9888;0.2576;241.0;0.0
-0.5554;1.3135;-0.5302;1.042;0.2383;175.0;0.0
-0.361;1.193;-0.5311;0.9932;0.2509;198.0;0.0
-0.5459;1.0628;-0.404;1.0461;0.1647;214.0;0.0
-0.3407;1.9096;-0.7929;0.9815;0.4433;151.0;0.0
-0.1513;0.8399;-0.1786;0.9691;0.1426;194.0;0.0
-0.389;1.7669;-0.4068;1.0;0.266;244.0;0.0
-0.5874;1.1408;-0.4768;0.9302;0.1955;238.0;0.0
0.0316;2.5139;-0.4245;1.0822;0.4776;158.0;0.0
-0.464;1.4;-0.6446;1.0217;0.2296;251.0;0.0
-0.343;1.6149;-0.2188;1.0267;0.2455;266.0;0.0
-0.5491;1.809;-0.548;1.0409;0.267;237.0;0.0
-0.487;1.9092;-0.4478;1.0345;0.2798;239.0;0.0
-0.5862;1.6356;-0.5037;0.9457;0.2702;255.0;0.0
-0.6184;1.7876;-0.5502;1.0;0.2794;240.0;0.0
-0.2144;2.1255;-0.4427;1.0;0.4038;237.0;0.0
-0.3318;1.2322;-0.5523;0.9927;0.2906;186.0;0.0
-0.3728;1.6938;-0.4338;1.0662;0.2396;242.0;0.0
-0.2531;1.2478;-0.5899;1.0382;0.2746;189.0;0.0
-0.5232;1.0211;-0.4773;0.9826;0.1741;212.0;0.0
-0.5675;1.6689;-0.5124;1.0169;0.2588;260.0;0.0
-0.3588;1.118;-0.7127;0.9787;0.3352;196.0;0.0
-0.5056;1.533;-0.541;0.9659;0.2429;264.0;0.0
-0.5379;0.9918;-0.5495;0.9821;0.1761;224.0;0.0
-0.4097;1.09;-0.5996;0.9712;0.2847;193.0;0.0
-0.2815;1.4987;-0.3773;0.9333;0.2488;189.0;0.0
-0.502;1.7971;-0.4602;0.9607;0.2559;256.0;0.0
-0.5392;1.8213;-0.4457;0.9939;0.2828;230.0;0.0
-0.5987;0.7694;-0.4845;1.0;0.1387;215.0;0.0
-0.5581;1.9439;-0.4247;1.0186;0.3011;221.0;0.0
-0.3654;1.0868;-0.5621;1.0068;0.254;207.0;0.0
-0.4275;1.0809;-0.3632;1.0321;0.1634;219.0;0.0
-0.2633;1.5311;-0.2649;0.9392;0.2247;198.0;0.0
-0.1455;2.3335;-0.3434;1.0514;0.424;225.0;0.0
-0.5065;1.4756;-0.663;0.9418;0.2406;246.0;0.0
-0.4548;1.8763;-0.4776;1.0233;0.2593;246.0;0.0
-0.2353;2.1629;-0.4295;0.9939;0.4322;207.0;0.0
-0.4677;1.7417;-0.41;1.0116;0.2645;229.0;0.0
-0.5352;0.9467;-0.7559;0.947;0.2962;176.0;0.0
-0.1929;1.2465;-0.4311;1.0;0.2734;164.0;0.0
-0.4637;0.9191;-0.4381;0.9814;0.1473;230.0;0.0
-0.4383;1.7877;-0.3858;1.017;0.254;243.0;0.0
-0.3794;1.2447;-0.5629;1.0352;0.2742;202.0;0.0
-0.3239;2.1469;-0.5312;0.9444;0.4026;262.0;0.0
-0.4296;1.4874;-0.6087;0.989;0.2334;242.0;0.0
-0.2592;1.0496;-0.3443;1.1216;0.1603;211.0;0.0
-0.5286;1.1557;-0.3161;0.9875;0.1719;228.0;0.0
-0.2928;2.0088;-0.4808;1.0191;0.3931;230.0;0.0
-0.6147;0.8133;-0.4951;0.9756;0.1606;229.0;0.0
-0.2576;1.214;-0.4273;0.9216;0.237;203.0;0.0
-0.3916;1.1817;-0.2934;1.0701;0.1682;234.0;0.0
-0.4018;1.7736;-0.3339;0.9937;0.2628;234.0;0.0
-0.2108;2.244;-0.4264;1.0311;0.3763;267.0;0.0
-0.6326;0.8583;-0.5529;1.0318;0.1898;224.0;0.0
-0.5491;1.4022;-0.5872;1.0894;0.2398;246.0;0.0
-0.428;2.0534;-0.9735;1.0367;0.4988;135.0;0.0
-0.5348;0.9759;-0.4661;1.019;0.1764;215.0;0.0
-0.4571;2.0033;-1.0059;1.0;0.456;151.0;0.0
-0.1987;2.1096;-0.432;1.0333;0.3981;206.0;0.0
-0.3628;1.1288;-0.5675;0.9856;0.2375;197.0;0.0
-0.4538;2.2138;-0.7968;0.9909;0.4953;153.0;0.0
-0.2571;1.272;-0.4136;1.0345;0.2518;211.0;0.0
-0.4931;0.999;-0.3996;0.9762;0.1586;235.0;0.0
-0.4019;1.131;-0.2965;1.012;0.1627;224.0;0.0
-0.5564;1.2758;-0.5357;0.9844;0.2197;235.0;0.0
-0.3252;1.2893;-0.6599;0.9766;0.287;177.0;0.0
-0.4599;1.1616;-0.4042;0.9936;0.1951;228.0;0.0
-0.4125;0.9456;-0.3734;1.0255;0.1432;218.0;0.0
-0.5357;1.0861;-0.3661;0.9879;0.1711;229.0;0.0
0.0213;0.6396;-0.2585;0.9408;0.1298;206.0;1.0
-0.015;0.8189;-0.3207;1.0134;0.1627;200.0;1.0
-0.4591;0.6017;-0.4283;0.6809;0.1859;207.0;1.0
-0.2451;0.3029;-0.5193;1.0432;0.1273;194.0;1.0
-0.1477;0.5947;-0.5036;1.0;0.1476;198.0;1.0
-0.24;0.6479;-0.6107;1.0;0.1634;200.0;1.0
-0.2452;0.8782;-0.2091;1.1226;0.1663;211.0;1.0
-0.0995;0.9457;-0.3802;1.252;0.1822;181.0;1.0
-0.2096;0.5515;-0.5573;0.9448;0.1578;207.0;1.0
-0.0155;0.8014;-0.3262;0.9934;0.1517;205.0;1.0
-0.092;0.8302;-0.432;1.0408;0.1661;206.0;1.0
-0.0746;0.6268;-0.4757;1.0284;0.1493;200.0;1.0
-0.271;0.1905;-0.2695;0.9074;0.1006;186.0;1.0
-0.0934;0.6993;-0.3934;1.0069;0.159;196.0;1.0
0.0853;0.8006;-0.3893;0.9122;0.1612;203.0;1.0
-0.2074;0.5131;-0.5114;1.0199;0.145;207.0;1.0
-0.1551;0.5921;-0.5326;1.0068;0.148;209.0;1.0
-0.1136;0.5019;-0.4821;0.9934;0.1462;210.0;1.0
-0.2034;0.6042;-0.5047;0.7992;0.1543;198.0;1.0
-0.2677;0.2916;-0.5398;0.9184;0.1266;207.0;1.0
-0.1852;0.7053;-0.5156;1.0486;0.1568;199.0;1.0
-0.1099;0.3765;-0.4457;0.9301;0.1246;202.0;1.0
-0.3172;0.473;-0.6616;1.3066;0.1514;207.0;1.0
-0.0314;0.7485;-0.373;0.9931;0.1529;196.0;1.0
-0.2718;0.5099;-0.6053;1.0205;0.152;207.0;1.0
-0.1994;0.8466;-0.2999;0.9333;0.1741;214.0;1.0
-0.1135;0.2619;-0.3436;0.929;0.1027;201.0;1.0
-0.0208;0.7598;-0.3245;1.0066;0.158;211.0;1.0
-0.2029;0.6547;-0.5474;0.9664;0.1628;201.0;1.0
-0.2306;0.4307;-0.5332;0.9724;0.1411;193.0;1.0
-0.1788;0.6162;-0.5312;0.9677;0.1531;196.0;1.0
-0.4962;0.3766;-0.3352;0.7597;0.1664;227.0;1.0
-0.2737;0.362;-0.5949;0.9653;0.1397;205.0;1.0
-0.3189;0.4396;-0.6845;1.0138;0.1607;201.0;1.0
-0.2053;0.5889;-0.5184;0.9933;0.1543;205.0;1.0
-0.2488;0.4767;-0.6456;1.0143;0.142;200.0;1.0
-0.1678;0.2528;-0.4542;1.0068;0.1155;198.0;1.0
-0.2971;0.4108;-0.7116;0.9795;0.1547;206.0;1.0
-0.2454;0.5617;-0.619;1.007;0.1648;207.0;1.0
-0.2595;0.5933;-0.6172;0.9864;0.1645;205.0;1.0
-0.218;0.5367;-0.5486;0.7899;0.1497;207.0;1.0
-0.2172;0.4655;-0.5178;0.987;0.1382;204.0;1.0
-0.1831;0.4617;-0.4807;0.9739;0.1315;197.0;1.0
-0.1812;0.6861;-0.588;0.947;0.1642;214.0;1.0
-0.0803;0.557;-0.4295;1.035;0.1365;204.0;1.0
-0.2611;0.628;-0.6238;1.0134;0.1668;209.0;1.0
-0.158;0.62;-0.4929;1.0;0.155;208.0;1.0
-0.2557;0.4528;-0.2146;1.0355;0.1112;184.0;1.0
-0.1908;0.6998;-0.4974;0.9797;0.1624;204.0;1.0
-0.063;0.7881;-0.4312;1.0625;0.1585;204.0;1.0
-0.2112;0.5355;-0.5715;0.9865;0.1505;203.0;1.0
-0.2024;1.4103;-0.304;0.9928;0.2236;179.0;1.0
-0.28;0.2915;-0.5459;1.0336;0.1479;204.0;1.0
-0.27;0.6782;-0.6706;1.0515;0.179;204.0;1.0
-0.1627;0.5924;-0.4332;0.9211;0.1564;197.0;1.0
-0.1161;0.7178;-0.5319;1.0068;0.1596;208.0;1.0
-0.2074;0.3424;-0.523;0.9262;0.1194;197.0;1.0
-0.2525;0.7017;-0.6418;1.0136;0.1711;198.0;1.0
-0.2592;0.5008;-0.5938;1.0134;0.1651;207.0;1.0
-0.6127;0.8618;-0.5215;0.9815;0.158;223.0;1.0
-0.3002;0.4734;-0.5693;1.0;0.152;208.0;1.0
-0.1083;0.6279;-0.3721;0.9866;0.1526;199.0;1.0
-0.172;0.5786;-0.5017;0.9728;0.1417;199.0;1.0
0.0659;1.0669;-0.3503;0.972;0.1711;198.0;1.0
-0.2861;0.4339;-0.5523;0.9868;0.1523;212.0;1.0
-0.2097;0.4791;-0.5429;0.9801;0.1456;208.0;1.0
-0.265;0.4569;-0.5946;0.9536;0.1504;213.0;1.0
0.0019;0.7594;-0.3187;0.7464;0.1486;209.0;1.0
-0.5485;0.4524;-0.5594;0.9548;0.1861;226.0;1.0
-0.2243;0.5721;-0.496;0.9933;0.143;197.0;1.0
-0.3044;0.6769;-0.567;1.035;0.189;203.0;1.0
-0.0768;0.7993;-0.4971;1.0203;0.1698;203.0;1.0
-0.1986;0.7283;-0.5709;1.0347;0.1654;200.0;1.0
-0.2642;0.5978;-0.6224;1.0;0.1842;204.0;1.0
-0.0935;0.9237;-0.277;1.1221;0.1577;229.0;1.0
0.0016;0.9569;-0.4119;1.0203;0.1713;202.0;1.0
-0.3393;0.5135;-0.6641;0.9868;0.1596;206.0;1.0
-0.381;0.7449;-0.4383;1.1192;0.1891;216.0;1.0
-0.237;0.5261;-0.6744;0.9792;0.1595;203.0;1.0
-0.3524;1.0104;-0.3027;0.6181;0.1858;176.0;1.0
-0.2474;0.9211;-0.1313;1.0125;0.1503;203.0;1.0
-0.2881;0.2506;-0.4559;0.9355;0.1391;200.0;1.0
-0.2835;0.9519;-0.4401;1.4211;0.1919;180.0;1.0
-0.1704;0.5535;-0.5771;1.0137;0.151;206.0;1.0
-0.1655;1.0429;0.0845;0.9873;0.1479;177.0;1.0
-0.2559;0.4844;-0.5287;0.9645;0.1609;208.0;1.0
-0.145;0.8687;-0.5651;0.9133;0.1843;200.0;1.0
-0.2829;0.5622;-0.6437;0.9861;0.1642;206.0;1.0
-0.1893;0.576;-0.5827;0.9342;0.1555;208.0;1.0
-0.0331;0.9149;-0.3891;0.9867;0.1692;205.0;1.0
-0.0055;0.6875;-0.3408;0.9931;0.1451;198.0;1.0
-0.0797;0.8619;-0.4286;1.0134;0.1678;206.0;1.0
-0.0016;0.8208;-0.2861;1.0069;0.1573;205.0;1.0
0.0256;0.0523;0.0017;1.1463;0.0894;161.0;1.0
-0.2705;0.5383;-0.5883;1.0278;0.154;212.0;1.0
-0.1616;0.6268;-0.4831;1.0417;0.1551;203.0;1.0
-0.0322;0.6342;-0.3091;0.9419;0.1398;202.0;1.0
0.0453;0.8322;-0.3168;0.9724;0.1534;205.0;1.0
-0.0563;1.215;-0.2468;0.6461;0.2014;196.0;1.0
-0.023;0.8352;0.2089;0.8235;0.115;173.0;1.0
-0.1529;0.5096;-0.4146;0.8606;0.1457;195.0;1.0
-0.2638;0.9127;-0.5211;1.2885;0.189;200.0;1.0
-0.2819;0.5023;-0.5132;1.0133;0.1485;206.0;1.0
-0.0747;0.7988;-0.4401;0.8142;0.1675;202.0;1.0
-0.0178;0.6783;-0.3272;0.9864;0.1508;204.0;1.0
-0.2004;0.5788;-0.5963;0.9797;0.1471;202.0;1.0
-0.1853;1.2974;-0.1027;1.2857;0.204;207.0;1.0
-0.2435;0.5753;-0.6021;1.0201;0.1564;207.0;1.0
-0.1562;0.7217;-0.4726;1.0;0.1612;211.0;1.0
-0.2143;0.2223;-0.573;0.9868;0.1466;206.0;1.0
-0.1024;0.7609;-0.4552;0.9866;0.1581;210.0;1.0
0.0871;0.9173;-0.269;0.9452;0.1547;201.0;1.0
-0.0173;0.8888;-0.3523;1.0;0.1587;204.0;1.0
-0.3072;0.2622;-0.5632;1.021;0.1222;198.0;1.0
0.01;0.6896;-0.3142;1.0278;0.1542;203.0;1.0
-0.2553;0.3632;-0.5526;0.993;0.1356;193.0;1.0
-0.0011;0.7447;-0.3564;0.9481;0.1513;211.0;1.0
-0.2736;0.4738;-0.5894;0.9474;0.149;204.0;1.0
-0.2104;0.6881;-0.5473;1.0068;0.1626;200.0;1.0
-0.0498;0.8961;-0.3931;1.0336;0.1719;207.0;1.0
-0.4702;0.2761;-0.3474;1.1667;0.0849;223.0;1.0
-0.2517;0.4722;-0.5134;1.0473;0.1507;212.0;1.0
-0.216;0.498;-0.3739;1.0138;0.1154;206.0;1.0
-0.1519;0.4816;-0.4851;1.0432;0.1303;199.0;1.0
-0.2484;0.2379;-0.5622;0.9726;0.1309;209.0;1.0
-0.292;0.3383;-0.267;1.2656;0.1024;183.0;1.0
-0.4159;0.9637;-0.4233;0.9877;0.1541;203.0;1.0
-0.2191;0.7596;-0.0056;1.0183;0.1236;215.0;1.0
-0.2835;0.4664;-0.6359;0.9184;0.1521;207.0;1.0
-0.0528;0.6158;-0.3665;0.9733;0.1385;209.0;1.0
-0.266;0.3811;-0.6033;1.0;0.1323;200.0;1.0
-0.1557;0.5551;-0.4476;0.9379;0.1487;208.0;1.0
-0.025;0.5288;-0.3962;0.9724;0.1328;200.0;1.0
-0.081;0.7601;-0.4523;1.0205;0.1616;201.0;1.0
-0.2264;0.5787;-0.6257;1.0135;0.1546;206.0;1.0
-0.0203;0.4234;-0.3251;1.0483;0.1196;213.0;1.0
-0.2906;0.6925;-0.0657;0.9778;0.0886;225.0;1.0
-0.0895;0.6128;-0.4318;0.9257;0.1443;208.0;1.0
-0.2693;0.6602;-0.6533;1.0467;0.1704;211.0;1.0
-0.2139;0.9407;-0.3694;1.0486;0.2038;195.0;1.0
-0.2061;0.6451;-0.06;1.0;0.0928;230.0;1.0
-0.2086;0.5502;-0.5701;1.028;0.1578;206.0;1.0
-0.2382;0.4091;-0.5078;1.0219;0.1294;202.0;1.0
-0.27;0.5862;-0.5915;1.0201;0.1545;200.0;1.0
-0.5969;0.8418;-0.4298;0.9748;0.1485;219.0;1.0
-0.1276;0.4282;-0.347;0.9128;0.1285;205.0;1.0
-0.3016;0.474;-0.6744;0.9805;0.1618;209.0;1.0
-0.3053;0.2786;-0.5702;1.0069;0.1428;202.0;1.0
-0.189;0.6836;-0.5112;1.007;0.1687;205.0;1.0
-0.1111;0.3457;-0.4129;1.0652;0.1254;203.0;1.0
-0.2445;0.605;-0.6174;0.9867;0.1627;210.0;1.0
-0.1759;0.5995;-0.532;0.9161;0.1579;211.0;1.0
-0.2503;0.5434;-0.6001;0.9868;0.1561;204.0;1.0
-0.2167;0.7693;-0.0486;0.8663;0.1099;207.0;1.0
-0.1858;0.6522;-0.5269;0.9664;0.1594;201.0;1.0
-0.1954;0.6954;-0.6055;1.014;0.167;205.0;1.0
-0.2158;0.5479;-0.5866;0.9452;0.1521;200.0;1.0
-0.2311;0.3799;-0.5111;1.0338;0.1362;208.0;1.0
-0.028;0.843;-0.0268;0.662;0.1894;225.0;1.0
-0.1912;0.5917;-0.5549;0.9527;0.1556;205.0;1.0
-0.2023;0.4363;-0.4825;0.9048;0.1367;193.0;1.0
-0.5098;1.0058;-0.4149;1.0;0.1641;229.0;1.0
-0.224;0.731;-0.6455;1.0207;0.176;211.0;1.0
-0.1586;0.576;-0.4478;0.9477;0.1446;198.0;1.0
-0.215;0.5014;-0.5841;0.9865;0.1478;210.0;1.0
-0.2846;0.6395;-0.582;0.9868;0.1711;216.0;1.0
-0.2192;0.6629;-0.605;0.8974;0.1651;213.0;1.0
-0.0749;0.3799;-0.4013;1.0205;0.1237;206.0;1.0
-0.3081;0.6677;-0.6179;0.9536;0.171;204.0;1.0
-0.2027;1.2251;-0.155;1.0223;0.2181;209.0;1.0
-0.1678;0.7553;-0.1572;1.1282;0.11;222.0;1.0
-0.2569;0.4703;-0.5817;0.9554;0.152;210.0;1.0
-0.0037;0.3907;-0.354;1.0347;0.1172;204.0;1.0
-0.0438;0.7759;-0.0361;0.6377;0.0941;229.0;1.0
-0.2101;0.5876;-0.6117;0.9862;0.1555;202.0;1.0
-0.3057;0.8895;-0.2026;0.9939;0.1843;158.0;1.0
-0.1633;0.7554;-0.5266;1.0443;0.1684;195.0;1.0
0.0376;0.9335;-0.3182;0.9931;0.1665;204.0;1.0
-0.2408;0.5834;-0.5699;0.9605;0.1595;207.0;1.0
-0.2637;0.4557;-0.6368;0.98;0.1469;203.0;1.0
-0.2727;0.5561;-0.2779;1.0738;0.1137;216.0;1.0
-0.2232;0.7011;-0.6122;0.9589;0.1761;200.0;1.0
-0.0273;0.5382;-0.3319;1.0336;0.1265;203.0;1.0
-0.1861;0.7405;-0.55;1.0272;0.1675;200.0;1.0
-0.2301;0.7354;-0.1027;1.2946;0.1719;239.0;1.0
-0.1299;0.8841;-0.4218;0.9521;0.1949;188.0;1.0
-0.2344;0.5935;-0.5819;1.0138;0.1665;200.0;1.0
-0.2392;0.6241;-0.5554;1.0134;0.1692;207.0;1.0
-0.2515;0.48;-0.615;1.0;0.1528;204.0;1.0
-0.2652;0.4531;-0.6072;0.9189;0.1523;203.0;1.0
-0.3652;0.9939;-0.4357;1.0048;0.2018;232.0;1.0
0.0006;0.743;-0.3349;0.9805;0.149;205.0;1.0
-0.2028;0.6167;-0.5293;1.3611;0.158;202.0;1.0
-0.2076;0.5122;-0.1033;1.0932;0.0993;209.0;1.0
-0.1879;0.5448;-0.536;1.0068;0.151;206.0;1.0
-0.4033;0.2923;-0.3544;0.6216;0.1419;212.0;1.0
-0.1142;0.107;-0.1098;1.0699;0.2289;202.0;1.0
-0.0891;0.7411;-0.4771;0.894;0.16;208.0;1.0
-0.0332;0.7137;-0.5029;1.0067;0.1934;205.0;1.0
-0.2017;0.5893;-0.5615;0.9863;0.1571;200.0;1.0
-0.1629;0.757;-0.5116;0.8514;0.1656;204.0;1.0
-0.1166;0.4665;-0.4304;1.0;0.1289;195.0;1.0
-0.2044;0.5903;-0.5741;1.0342;0.1556;211.0;1.0
-0.1163;0.4151;-0.4017;0.9139;0.133;198.0;1.0
-0.2482;1.0017;-0.0269;0.9759;0.1618;163.0;1.0
-0.1159;0.4601;-0.4517;1.0069;0.1281;205.0;1.0
-0.0687;0.7305;-0.4611;1.0204;0.1616;207.0;1.0
-0.1834;0.6131;-0.4957;1.0069;0.1653;200.0;1.0
-0.2338;0.4098;-0.6028;1.007;0.1427;199.0;1.0
-0.2556;0.5255;-0.6005;0.9257;0.15;195.0;1.0
-0.4157;0.876;-0.5367;1.0377;0.1543;208.0;1.0
-0.1783;0.7446;-0.4973;1.0066;0.1669;205.0;1.0
0.0773;0.9034;-0.2857;1.0;0.1565;202.0;1.0
-0.1913;0.3663;-0.1163;1.1722;0.1222;167.0;1.0
-0.2431;0.3609;-0.0563;1.0235;0.1565;200.0;1.0
-0.1972;1.4209;-0.1291;0.8364;0.2438;159.0;1.0
-0.2555;0.3878;-0.555;0.9932;0.14;195.0;1.0
-0.2192;0.413;0.1503;0.9901;0.1948;179.0;1.0
-0.0661;0.7545;-0.3642;1.0;0.156;207.0;1.0
-0.4102;0.2963;-0.569;0.9597;0.1224;203.0;1.0
-0.1065;0.4224;-0.3993;1.0134;0.1261;203.0;1.0
-0.281;1.3609;-0.231;1.1532;0.2425;167.0;1.0
-0.2892;0.4716;-0.6558;1.0;0.1649;203.0;1.0
-0.2672;0.2788;-0.5394;1.0136;0.1188;204.0;1.0
-0.2079;0.4907;-0.5904;0.9669;0.1428;211.0;1.0
0.0058;0.5686;-0.3018;0.9085;0.128;193.0;1.0
-0.1453;0.5258;-0.4488;0.9605;0.1316;206.0;1.0
-0.3062;0.2683;-0.6441;0.9865;0.1337;196.0;1.0
-0.5355;0.705;-0.4368;1.0065;0.1949;196.0;1.0
-0.4444;0.9916;-0.4801;0.9341;0.1596;218.0;1.0
-0.5547;0.7706;-0.4368;1.026;0.1389;213.0;1.0
-0.2978;0.6381;-0.6276;0.9933;0.1813;202.0;1.0
-0.198;0.6112;-0.5466;1.0417;0.1693;208.0;1.0
-0.1165;1.0455;-0.2071;0.9877;0.2313;231.0;1.0
-0.3447;0.3731;-0.6466;0.7622;0.1422;211.0;1.0
-0.0983;0.6059;-0.3867;0.9551;0.1412;211.0;1.0
-0.066;0.7716;-0.3629;0.9866;0.1537;208.0;1.0
-0.268;0.6204;-0.2396;1.1459;0.1996;229.0;1.0
-0.1331;0.7453;-0.4145;0.9801;0.14;191.0;1.0
-0.099;0.5889;-0.3748;1.0;0.1278;196.0;1.0
0.1123;0.2364;-0.1905;0.9597;0.2134;196.0;1.0
-0.1358;0.65;-0.4323;0.9865;0.1424;202.0;1.0
-0.1589;0.5093;-0.5179;1.0136;0.1363;214.0;1.0
-0.1256;0.6903;-0.5017;1.0379;0.1561;201.0;1.0
-0.2862;0.4648;-0.6233;1.0;0.1565;202.0;1.0
-0.2368;0.5343;-0.5955;0.9286;0.1435;208.0;1.0
0.0238;0.7057;-0.2802;0.9521;0.1383;212.0;1.0
-0.2529;0.4818;-0.5489;0.9675;0.1368;206.0;1.0
-0.2305;0.5111;-0.5973;0.9934;0.1551;207.0;1.0
0.6909;0.9021;0.8563;1.4867;0.5664;211.0;2.0
-0.3056;1.5197;-0.4565;0.9675;0.3106;212.0;2.0
-0.0758;0.5806;0.4073;1.4167;0.4341;194.0;2.0
0.8605;1.1812;-2.1643;0.8156;0.7223;185.0;2.0
0.3013;0.727;-0.2257;0.9664;0.6601;163.0;2.0
-1.9522;0.6757;0.6566;1.5278;0.4744;174.0;2.0
0.1542;2.4475;-0.2522;1.0714;0.4788;226.0;2.0
-0.6938;1.5073;1.2391;1.0392;0.7523;182.0;2.0
-2.028;0.8613;-0.0145;1.2881;0.5314;191.0;2.0
-0.2417;1.0895;0.0043;0.7396;0.3568;189.0;2.0
-0.0157;1.8749;-0.5451;1.0917;0.4331;200.0;2.0
-0.3043;1.3578;-2.3371;1.6438;0.7244;213.0;2.0
-0.11;1.129;0.0939;1.0;0.3452;180.0;2.0
0.323;0.9089;-0.1266;1.4568;0.7085;165.0;2.0
0.3993;0.9663;-0.0074;1.0263;0.6547;167.0;2.0
-0.2137;1.608;-1.7258;1.0351;0.5569;223.0;2.0
1.1853;1.4438;1.2084;1.1728;0.7834;162.0;2.0
0.0206;1.1804;-1.1243;1.1667;0.3326;184.0;2.0
0.2484;0.957;-0.2695;0.9882;0.5693;232.0;2.0
0.0611;0.084;-0.3023;0.9127;0.1941;183.0;2.0
-0.0827;1.0066;-1.6877;1.4304;0.5563;154.0;2.0
-2.1018;0.7728;-0.0023;1.9196;0.5226;185.0;2.0
0.9136;0.9365;0.8955;1.2778;0.4786;200.0;2.0
0.5084;1.0149;0.0989;1.662;0.6469;168.0;2.0
-0.2141;2.3577;-0.8163;1.0203;0.6504;207.0;2.0
-0.6197;2.3531;-1.9114;0.9909;0.9916;151.0;2.0
-2.0297;1.0721;0.1099;0.9735;0.6262;170.0;2.0
0.7603;0.78;-0.0366;2.0727;0.4827;212.0;2.0
0.2226;0.2338;-0.2007;0.9928;0.2629;143.0;2.0
-1.9556;0.7313;-0.0852;0.5484;0.4493;177.0;2.0
-0.2586;1.4954;-1.3062;0.9835;0.4961;112.0;2.0
-0.1671;1.1569;-0.0531;1.5591;0.363;193.0;2.0
-0.2578;2.2361;-0.559;1.7333;0.5133;250.0;2.0
-0.4173;2.4419;-0.7126;1.719;0.6002;230.0;2.0
-0.1325;0.8577;-0.8202;1.0667;0.2571;161.0;2.0
0.5922;0.6023;-0.0367;2.1636;0.4494;235.0;2.0
0.0322;1.1018;-2.3136;1.6027;0.6646;162.0;2.0
0.1835;1.598;-0.7653;1.2;0.374;169.0;2.0
-2.0111;0.62;-0.0927;1.3729;0.475;167.0;2.0
-0.0394;0.8669;-0.3199;1.3952;0.2375;271.0;2.0
-1.7769;0.5619;-0.0608;0.5969;0.4143;190.0;2.0
-2.0172;0.9773;0.0291;1.2342;0.6258;161.0;2.0
-0.2559;1.4275;-1.4369;1.0179;0.4681;159.0;2.0
0.1282;0.6864;-0.171;1.4248;0.5896;164.0;2.0
-0.0316;1.4001;-1.1979;0.8879;0.477;135.0;2.0
0.5897;0.5976;-0.1045;1.3421;0.4517;232.0;2.0
0.2993;0.877;-0.0073;1.0182;0.6167;159.0;2.0
0.712;0.7212;0.6815;1.1588;0.5505;223.0;2.0
-0.1694;0.983;0.7953;1.0155;0.3279;186.0;2.0
-2.0515;0.7083;0.6993;1.5429;0.4928;196.0;2.0
-0.0297;1.4091;-1.3133;1.9146;0.5068;197.0;2.0
0.602;0.7679;0.1574;1.7184;0.5161;178.0;2.0
-0.3292;1.7449;-0.6477;1.0294;0.3752;192.0;2.0
-0.3689;1.128;-0.7805;0.9667;0.3082;243.0;2.0
0.1437;0.7029;-0.239;1.4625;0.6438;167.0;2.0
-0.0884;0.2481;-0.15;0.8494;0.212;177.0;2.0
0.3243;0.4837;0.4753;0.9485;0.3416;244.0;2.0
-1.8356;0.6146;0.5592;1.025;0.4532;156.0;2.0
-0.232;1.1902;0.018;1.1469;0.3763;186.0;2.0
-0.5253;2.3295;2.2694;1.0;0.9537;160.0;2.0
-0.3745;2.1883;-0.8019;1.7899;0.5143;226.0;2.0
-0.1032;1.6964;-1.9372;1.0;0.6229;241.0;2.0
0.2254;1.9382;0.1575;0.9554;0.685;177.0;2.0
-0.1781;2.7087;2.5985;0.9474;0.9612;155.0;2.0
-0.3508;0.9365;-0.6639;0.9732;0.264;227.0;2.0
-0.2471;1.1392;0.0832;1.553;0.3897;178.0;2.0
-1.8678;0.6692;-0.1105;1.3516;0.4403;201.0;2.0
0.105;2.683;-0.7816;1.027;0.9889;161.0;2.0
0.4084;0.932;0.6576;1.2869;0.5483;206.0;2.0
0.8802;0.8815;0.0145;1.6667;0.6137;164.0;2.0
-2.0165;0.8859;-0.2875;1.05;0.5967;221.0;2.0
0.5445;0.9718;0.8294;1.1383;0.6247;177.0;2.0
-0.0911;1.2415;0.2175;0.7895;0.3842;191.0;2.0
-1.8316;0.6041;0.5618;1.4587;0.4213;220.0;2.0
1.1977;1.5367;-1.8512;0.7025;0.656;217.0;2.0
-0.3113;1.0432;0.1973;1.2482;0.4308;191.0;2.0
-0.4439;1.2978;-0.5867;1.0451;0.3179;194.0;2.0
-0.373;1.3114;-0.3624;0.2226;0.3023;228.0;2.0
-0.2897;1.1361;0.0196;0.9265;0.3761;174.0;2.0
-0.1794;1.0223;0.1107;1.8144;0.3363;192.0;2.0
-0.2781;1.3274;-0.525;1.0185;0.288;217.0;2.0
0.1596;0.8056;-0.2321;1.4268;0.6352;161.0;2.0
-0.2952;1.0441;-0.0609;1.4831;0.3575;183.0;2.0
0.731;0.7776;-0.0219;1.0847;0.5256;185.0;2.0
-0.4534;2.6418;-1.744;1.0;0.9865;153.0;2.0
-1.7445;0.6821;-2.2329;0.7432;0.5903;272.0;2.0
0.13;0.7952;-0.1942;1.0;0.6345;164.0;2.0
0.5862;0.6711;-0.2206;0.7312;0.5;208.0;2.0
-0.1343;1.4992;-1.3396;1.4324;0.4096;163.0;2.0
0.402;0.732;0.6346;1.5656;0.5332;211.0;2.0
-0.1397;1.7499;-2.0861;0.9712;0.6848;201.0;2.0
-1.1883;0.4112;0.4018;0.8311;0.4025;118.0;2.0
0.4854;0.8843;-0.017;1.2568;0.5525;230.0;2.0
1.1969;1.211;-0.17;1.6881;0.6873;232.0;2.0
-0.2723;2.0258;-0.8197;1.0031;0.6691;154.0;2.0
-0.2866;1.4245;-2.2156;1.0172;0.6584;234.0;2.0
-0.23;1.8626;-0.5505;1.042;0.3797;203.0;2.0
0.666;0.7038;-0.1205;1.4111;0.4775;195.0;2.0
0.2978;0.3215;-0.0547;1.0063;0.3066;231.0;2.0
-0.1348;1.5596;-2.1736;0.9483;0.6843;239.0;2.0
0.6894;0.8032;0.7685;1.5048;0.5436;189.0;2.0
0.2331;0.2746;0.2659;1.3394;0.2927;258.0;2.0
0.5891;0.6556;-0.033;1.5345;0.4778;187.0;2.0
0.2336;0.8045;-0.1437;0.7372;0.5525;173.0;2.0
-0.1266;1.9274;-0.5954;1.4318;0.6638;133.0;2.0
0.6636;0.8948;0.5595;1.0308;0.4773;170.0;2.0
-0.012;2.3489;-0.3395;1.8018;0.4885;288.0;2.0
0.269;0.8425;-0.0838;1.5385;0.6376;163.0;2.0
-0.2417;2.3994;-0.4178;0.9945;0.4954;254.0;2.0
-0.2465;0.7614;-2.258;0.9314;0.6151;165.0;2.0
-0.0935;1.7805;-1.2231;1.4333;0.4524;162.0;2.0
0.8186;0.9185;-0.1347;1.2131;0.7345;164.0;2.0
0.2145;0.2719;-0.1822;1.0545;0.3047;245.0;2.0
-0.114;1.1159;0.2552;1.5269;0.3605;189.0;2.0
0.4942;0.7898;0.7635;1.1695;0.5359;177.0;2.0
-0.2878;1.0598;-0.0962;1.2342;0.3197;206.0;2.0
-0.223;0.7648;-2.2596;1.6575;0.5989;165.0;2.0
0.285;0.6297;-0.0627;1.2026;0.456;187.0;2.0
0.1165;0.5309;0.5066;1.3947;0.4459;183.0;2.0
-0.1165;1.2658;0.0326;1.0833;0.4007;181.0;2.0
-0.0418;1.5475;-1.2086;0.8507;0.4303;165.0;2.0
0.5533;0.6063;0.4745;1.5229;0.4494;209.0;2.0
-0.1661;1.4481;-1.0304;0.9758;0.4056;162.0;2.0
-0.6966;2.1267;-1.3197;0.9635;0.6648;180.0;2.0
0.3262;0.3473;-0.2111;1.2632;0.2945;261.0;2.0
0.7228;0.9456;0.1317;1.1933;0.6114;163.0;2.0
-0.2799;1.1985;-0.0114;0.4369;0.4069;194.0;2.0
-0.4203;2.5634;-1.1267;1.0748;0.99;156.0;2.0
-0.2855;1.8656;-0.5617;0.9797;0.3842;209.0;2.0
-0.4113;0.8423;-0.7225;1.9709;0.1691;183.0;2.0
0.3214;0.4473;0.397;0.4554;0.3518;288.0;2.0
1.2141;1.2151;0.3853;1.3806;0.4448;179.0;2.0
-0.3874;2.3299;-0.7394;0.9944;0.5197;222.0;2.0
-0.0832;1.1083;0.2925;1.8408;0.3268;216.0;2.0
-0.257;0.8296;-0.1016;0.5642;0.3087;181.0;2.0
-0.0094;2.7499;-1.217;1.0233;0.9051;153.0;2.0
-0.1773;1.1567;0.165;1.1653;0.4225;170.0;2.0
0.3945;0.6187;0.6172;1.4274;0.4511;187.0;2.0
0.5122;0.7203;0.0786;0.963;0.5209;162.0;2.0
-0.1955;0.9095;-0.7148;0.6647;0.3468;235.0;2.0
-0.8833;1.0731;-0.0717;1.1479;0.4004;193.0;2.0
0.7536;0.8421;0.1973;0.5799;0.599;175.0;2.0
-0.022;1.2761;0.2471;1.4646;0.4003;175.0;2.0
-0.0623;1.2948;0.2412;1.2774;0.3965;177.0;2.0
-0.5318;0.3249;-0.1565;1.125;0.2711;190.0;2.0
0.7434;0.7614;0.0037;1.4821;0.5152;182.0;2.0
-0.3615;2.0648;-0.5597;0.601;0.4823;235.0;2.0
-1.994;0.9514;0.0834;1.336;0.5272;185.0;2.0
-0.4853;2.3597;-0.7778;1.1733;0.5855;225.0;2.0
-0.8455;0.327;0.3149;0.9467;0.2524;154.0;2.0
-0.4553;2.2798;-0.6746;2.0455;0.5419;329.0;2.0
-2.0375;0.6219;0.6136;1.5;0.4746;178.0;2.0
0.0002;1.6119;-1.4209;0.7143;0.4583;161.0;2.0
-0.1713;1.3714;-2.1535;1.0;0.6582;217.0;2.0
-0.421;2.3056;-0.7711;1.256;0.5338;245.0;2.0
0.8678;0.901;0.8857;1.6697;0.5549;205.0;2.0
-0.4021;2.0964;-0.5751;1.7234;0.475;269.0;2.0
-0.1671;2.5272;-0.5751;1.7477;0.585;223.0;2.0
-0.6386;0.6647;-1.4669;1.2982;0.3404;161.0;2.0
-0.8277;1.3265;-1.2987;0.5779;0.557;235.0;2.0
-0.2383;1.2319;-0.0159;0.6746;0.3883;189.0;2.0
0.1528;0.744;0.7345;0.9587;0.607;162.0;2.0
-0.3314;0.2465;-1.3387;1.2222;0.278;160.0;2.0
-0.2504;1.3147;-1.6076;1.3256;0.4523;163.0;2.0
-0.005;1.3697;0.2467;0.5363;0.3727;200.0;2.0
1.0643;1.0886;0.1734;0.5419;0.6252;171.0;2.0
-0.0359;1.1611;-0.9023;1.1818;0.2899;197.0;2.0
-0.251;1.0891;0.0525;1.7789;0.4054;174.0;2.0
-0.2746;1.1271;-1.6757;1.4416;0.4131;157.0;2.0
0.2361;0.3041;-0.023;1.6979;0.3341;188.0;2.0
0.7393;0.7431;-0.1719;0.6259;0.6186;164.0;2.0
-0.2966;0.8199;-2.2489;1.0169;0.6046;163.0;2.0
0.1144;0.7376;-0.2468;1.4146;0.6307;164.0;2.0
0.1957;0.2031;-0.2397;0.7616;0.2144;179.0;2.0
-0.1873;1.8277;-0.553;2.0545;0.4516;232.0;2.0
0.619;0.7353;0.526;1.1778;0.4843;232.0;2.0
-0.5895;1.0135;-1.2821;1.3983;0.4038;164.0;2.0
0.0827;0.3697;-0.0901;1.1736;0.2741;127.0;2.0
0.179;2.5971;-1.6596;1.0374;0.982;151.0;2.0
-0.1991;1.1707;0.0872;1.6142;0.3903;176.0;2.0
0.3315;1.1125;-1.3681;0.527;0.404;166.0;2.0
-1.1797;0.3846;0.3597;1.1933;0.3861;113.0;2.0
-0.0799;1.6453;-1.1594;0.5625;0.4265;153.0;2.0
-0.2651;1.1727;-0.0038;1.1163;0.3812;195.0;2.0
-0.0148;0.9799;-2.1828;0.5032;0.6274;164.0;2.0
-0.2364;1.3563;-2.1383;1.0352;0.62;224.0;2.0
0.5373;1.039;0.1103;1.6164;0.6431;162.0;2.0
0.4359;1.0587;0.0412;1.0431;0.6469;161.0;2.0
-1.7116;0.7285;0.6324;1.7727;0.3913;258.0;2.0
-0.4038;2.2794;-0.6529;1.7862;0.5679;250.0;2.0
-0.3144;2.1297;-0.5788;1.8534;0.534;283.0;2.0
-0.4994;1.5467;-1.0361;0.9925;0.6931;186.0;2.0
-0.3876;1.9549;-0.849;1.9922;0.5068;236.0;2.0
-0.1114;1.5721;-1.4494;1.4146;0.4399;163.0;2.0
-0.2171;0.8172;-2.3442;1.0132;0.6379;164.0;2.0
0.4504;0.4731;-0.2278;0.8267;0.4196;177.0;2.0
0.0307;1.7541;-1.257;1.2292;0.4733;161.0;2.0
-0.169;1.3881;-0.3344;1.1329;0.2818;211.0;2.0
-0.2021;1.7616;-2.1442;1.0548;0.6907;192.0;2.0
-0.1874;0.124;-0.2444;1.2419;0.208;144.0;2.0
0.2381;0.856;-0.19;0.9826;0.7226;162.0;2.0
0.2309;0.7039;-0.0854;1.4875;0.5946;162.0;2.0
-0.2347;1.2107;0.1416;1.6842;0.3303;260.0;2.0
-0.5704;2.5347;-1.1002;1.0179;0.9719;151.0;2.0
-0.2699;1.7503;-1.3949;0.6429;0.4902;164.0;2.0
-1.6068;0.5889;0.5666;0.7161;0.4081;192.0;2.0
-0.1916;1.2655;0.1251;1.2941;0.4045;201.0;2.0
-0.5501;2.0523;-0.9365;1.3106;0.5551;251.0;2.0
-1.3455;1.6622;-0.7072;0.9819;0.5228;209.0;2.0
-0.2605;1.1132;0.1607;1.1088;0.3648;215.0;2.0
-0.4178;1.7388;-0.5735;0.533;0.4494;186.0;2.0
0.4181;0.8537;0.7794;1.4215;0.4832;191.0;2.0
-0.0696;2.0935;-1.1736;0.5294;0.728;159.0;2.0
-0.18;1.1425;-1.4431;1.4625;0.3745;168.0;2.0
-0.4861;2.7199;-1.8797;1.9908;1.0235;154.0;2.0
0.0943;0.2829;0.2006;1.3333;0.5554;156.0;2.0
0.3751;0.3827;-0.108;0.9638;0.2373;176.0;2.0
-0.6173;0.6176;-0.245;1.0306;0.231;313.0;2.0
-0.2717;1.0095;-0.0206;0.869;0.354;197.0;2.0
0.3429;0.3471;-0.0541;0.9203;0.2456;161.0;2.0
0.5252;0.6618;0.6396;1.5526;0.4673;202.0;2.0
0.2022;0.7177;-0.1638;1.2817;0.5947;162.0;2.0
1.5409;1.7182;-1.6653;1.0124;0.6701;220.0;2.0
-0.0661;1.7335;-0.4793;0.6892;0.4041;188.0;2.0
0.4451;0.5024;0.141;2.8522;0.2526;204.0;2.0
-0.1759;1.6666;-0.4418;1.0196;0.3137;229.0;2.0
0.6165;0.6185;-0.3097;1.4935;0.6118;161.0;2.0
-0.3785;2.414;-0.5067;1.8346;0.5551;242.0;2.0
-0.133;0.1966;-0.5761;0.8929;0.1166;162.0;2.0
0.6145;0.6495;0.6336;1.5229;0.4585;216.0;2.0
-0.1233;1.1528;0.1387;1.2932;0.3603;221.0;2.0
0.4094;0.4467;-0.121;1.1295;0.3561;182.0;2.0
-0.3903;2.3504;-1.0102;1.3394;0.6546;247.0;2.0
-0.2289;1.256;0.1192;0.4068;0.4131;178.0;2.0
-0.0289;0.5828;-0.2904;1.0056;0.2472;239.0;2.0
-0.131;1.0631;0.0107;1.1909;0.4857;171.0;2.0
-0.16;2.5639;-0.4589;2.1154;0.5353;149.0;2.0
-0.3895;2.0813;-0.5141;1.0333;0.4753;243.0;2.0
-0.1175;0.452;-0.4095;1.0;0.219;263.0;2.0
-0.0068;1.5269;-1.2665;1.4146;0.4675;197.0;2.0
0.0677;2.7038;-1.2331;1.0841;0.8988;151.0;2.0
-1.931;0.7456;0.6778;1.3486;0.4774;192.0;2.0
-0.1261;1.7253;-1.2823;0.5159;0.4702;162.0;2.0
-0.247;1.0752;0.0162;0.564;0.3445;182.0;2.0
-0.0309;1.3712;0.2925;1.037;0.4329;183.0;2.0
-2.0684;0.5201;-0.2545;1.3363;0.4557;179.0;2.0
-0.289;1.6135;-1.2351;1.6857;0.4573;163.0;2.0
0.6983;0.7867;0.7499;1.6154;0.5197;188.0;2.0
-0.3658;0.7869;-0.7258;0.6962;0.3137;220.0;2.0
-0.2346;1.5424;-1.3206;1.475;0.4595;166.0;2.0
-0.0196;1.6662;-1.2964;1.5;0.4527;169.0;2.0
-0.3771;1.91;-0.6778;1.6818;0.4758;220.0;2.0
-0.0262;0.551;-0.254;0.9558;0.2304;301.0;2.0
-0.2843;1.4718;-1.0438;0.9844;0.3587;175.0;2.0
-0.2568;2.4746;-0.7978;2.0541;0.6313;216.0;2.0
0.8068;0.9287;0.8052;1.0088;0.5488;165.0;2.0
0.7123;0.7535;-0.04;1.6095;0.5084;196.0;2.0
0.8951;0.9133;0.1505;1.0603;0.6104;182.0;2.0
-0.5658;1.523;-2.1944;1.3886;0.7264;223.0;2.0
-0.375;2.203;-0.6133;2.1624;0.5066;228.0;2.0
0.0913;1.565;1.3888;0.9934;0.7097;184.0;2.0
-0.2724;1.215;-0.0366;0.8293;0.367;200.0;2.0
-1.9419;0.8044;-0.0328;0.9857;0.4191;251.0;2.0
-0.3169;1.0516;-0.0806;1.7786;0.3502;188.0;2.0
-0.4352;2.4126;-0.7473;1.028;0.6679;232.0;2.0
0.7171;0.7618;-0.0817;1.7455;0.4814;223.0;2.0
-0.3496;2.3253;-0.6154;2.0242;0.58;262.0;2.0
0.2591;0.5421;-0.3331;1.0299;0.533;208.0;2.0
0.4414;1.0135;-0.0027;1.0174;0.7052;163.0;2.0
-0.3255;1.2365;-1.9454;1.0259;0.5674;130.0;2.0
0.806;0.8094;-0.0431;0.6495;0.5729;189.0;2.0
-0.5707;0.6736;-0.7046;0.9765;0.2981;210.0;2.0
-0.3771;2.237;-0.9284;1.1806;0.5179;247.0;2.0
0.6269;0.6544;-0.1162;1.7358;0.4718;195.0;2.0
-1.9042;0.6828;-0.1095;1.5888;0.4915;180.0;2.0
-0.0298;1.0592;-1.8302;0.864;0.447;158.0;2.0
-0.8897;1.2416;-1.1721;1.0;0.3915;164.0;2.0
-0.1601;0.4454;-1.114;0.9708;0.2795;153.0;2.0
0.0243;1.3041;0.3006;1.2626;0.3655;187.0;2.0
-2.0119;0.6067;0.5983;1.4907;0.4614;199.0;2.0
-0.3287;1.2384;0.1778;1.7143;0.4489;195.0;2.0
-1.9212;0.6969;0.6481;2.1121;0.4488;187.0;2.0
-0.5693;1.0981;-2.1634;1.6849;0.6706;163.0;2.0
-0.111;1.4862;-2.1079;0.9938;0.6615;256.0;2.0
0.2939;0.7562;-0.0049;1.7183;0.5914;168.0;2.0
-0.2358;1.3399;-1.1199;2.0417;0.3861;164.0;2.0
0.2505;0.2875;0.2749;1.0;0.2163;144.0;2.0
-0.0406;1.3321;0.1586;1.3;0.3905;194.0;2.0
0.4021;0.4382;0.0348;0.9817;0.2889;240.0;2.0
-0.2493;1.0556;0.089;1.3942;0.3594;194.0;2.0
-0.4847;0.9547;0.6323;1.4609;0.4939;211.0;2.0
-0.9203;2.1367;2.084;1.0177;0.9844;154.0;2.0
-0.2895;2.3242;-0.6545;2.0952;0.5325;253.0;2.0
0.1486;0.1929;-0.2083;0.9045;0.2912;140.0;2.0
-0.4056;0.3813;-0.8307;1.5294;0.1505;226.0;2.0
-0.1316;0.2703;-0.1903;0.891;0.2315;136.0;2.0
-1.9735;0.5606;0.4724;2.4016;0.4654;190.0;2.0
-0.3299;1.4902;1.3228;0.7818;0.7153;191.0;2.0
-0.1887;0.9305;-2.3407;1.0513;0.6603;161.0;2.0
0.2342;0.87;-0.1094;0.9912;0.61;164.0;2.0
0.049;0.563;-0.2334;1.3929;0.5584;164.0;2.0
-1.958;1.1735;0.1694;0.7769;0.6303;175.0;2.0
-0.1565;1.5382;-2.0026;0.8983;0.6543;238.0;2.0
0.5526;0.5551;0.5129;0.8144;0.299;252.0;2.0
0.8903;0.896;-0.0269;0.6835;0.5888;172.0;2.0
-0.1647;1.8825;-0.4823;1.7481;0.422;221.0;2.0
-0.2832;1.0795;-0.1195;1.8902;0.3405;190.0;2.0
-0.2173;1.1185;-0.0002;1.0448;0.3863;181.0;2.0
0.0139;1.4776;-0.8263;1.0522;0.4136;230.0;2.0
1.199;1.2725;0.4414;0.345;0.7186;167.0;2.0
-1.9828;0.6745;-0.1267;1.6239;0.4595;204.0;2.0
0.8141;0.8289;-0.0452;1.4096;0.6112;165.0;2.0
-0.2705;2.8498;-0.6615;1.019;0.8452;156.0;2.0
-0.4095;1.5111;-1.3963;1.4048;0.4524;161.0;2.0
0.2805;0.8262;-0.0746;1.4691;0.6176;163.0;2.0
-0.2876;1.1776;-0.6551;0.9867;0.2753;225.0;2.0
-0.1128;0.7711;0.5094;1.534;0.5275;175.0;2.0
-0.292;1.77;-0.587;0.9722;0.3679;200.0;2.0
0.0495;0.581;0.4546;1.3458;0.5015;163.0;2.0
0.1174;0.5029;0.2634;0.9739;0.4473;200.0;2.0
0.2596;1.4043;-0.6793;1.3143;0.3217;168.0;2.0
0.1115;2.7358;-1.3251;1.0654;0.8956;157.0;2.0
-0.2629;1.6834;-0.5801;1.0229;0.3455;189.0;2.0
-0.6841;2.5981;-1.8901;0.9911;1.0457;155.0;2.0
0.7474;0.7676;-0.1247;1.4933;0.6713;166.0;2.0
-0.2826;1.2817;-1.7547;1.0089;0.4494;162.0;2.0
-0.3217;1.921;-0.6044;0.9363;0.3896;207.0;2.0
0.0637;2.724;-1.4112;1.0841;0.9164;157.0;2.0
-0.6206;2.5163;-1.8994;0.9779;0.9987;154.0;2.0
-1.8237;0.6301;0.6052;1.0;0.4492;186.0;2.0
-0.2406;1.2072;-0.5548;1.8764;0.3037;222.0;2.0
-0.1208;0.7942;-0.1872;0.9524;0.2217;294.0;2.0
0.0229;0.425;-0.0626;0.8516;0.2784;178.0;2.0
-0.201;0.9784;0.097;0.936;0.3181;220.0;2.0
-0.6661;0.6852;-2.0878;1.4118;0.5634;162.0;2.0
-0.2592;1.194;0.0228;1.3516;0.3766;189.0;2.0
-0.2699;1.3724;-0.5477;1.0194;0.2827;221.0;2.0
-0.2975;2.0064;-0.5939;1.4545;0.5049;287.0;2.0
-0.1439;1.1303;-1.1276;1.2737;0.4143;121.0;2.0
-0.1759;1.3349;0.1464;1.4932;0.3979;198.0;2.0
-0.3969;2.1468;-0.6379;1.8596;0.5284;236.0;2.0
-0.0204;0.7236;-0.3059;1.0351;0.6243;160.0;2.0
-0.3217;2.0215;-0.7159;1.3636;0.5201;249.0;2.0
0.1953;1.3389;-1.2318;1.2632;0.4123;163.0;2.0
-2.0482;0.6843;-0.1241;1.3047;0.4817;195.0;2.0
-0.4208;2.0914;-0.8698;1.0345;0.5076;239.0;2.0
-0.2485;2.3379;-0.5188;1.0932;0.5391;232.0;2.0
0.4995;0.8135;0.0353;0.9748;0.6253;163.0;2.0
-0.2761;1.3883;-1.5503;1.1933;0.4643;159.0;2.0
0.2702;0.8067;-0.0573;1.45;0.6382;167.0;2.0
-0.1784;1.3847;-1.2096;1.0083;0.4005;163.0;2.0
-0.2573;2.5217;-0.685;1.1227;0.5347;237.0;2.0
-0.0785;0.867;-0.6541;1.4878;0.3202;184.0;2.0
-0.2463;1.0278;-0.021;1.1194;0.3596;214.0;2.0
0.4755;1.0058;-0.2027;1.0345;0.6787;162.0;2.0
-0.1987;1.0455;-0.0731;0.8299;0.3365;205.0;2.0
0.5442;0.7567;0.0605;0.6592;0.5421;196.0;2.0
-0.5129;2.0092;-0.7739;2.1;0.5031;254.0;2.0
-0.2056;1.1196;-0.0457;1.4257;0.367;185.0;2.0
0.6814;0.7439;-0.0793;1.541;0.5395;190.0;2.0
0.1223;0.9905;-1.4986;0.5946;0.459;124.0;2.0
-0.1343;1.6898;-1.1212;1.0089;0.523;163.0;2.0
-0.4816;2.2804;-0.6706;1.3653;0.5387;241.0;2.0
0.6197;0.7811;0.7327;0.4472;0.5642;177.0;2.0
-0.2518;1.2766;0.3205;1.6484;0.4671;175.0;2.0
-0.3689;1.0575;-1.4101;2.0964;0.4458;126.0;2.0
-0.2283;1.4969;-1.459;1.4268;0.4488;162.0;2.0
-1.8499;0.7073;0.7005;1.7788;0.4718;189.0;2.0
-0.4487;1.9532;-0.7005;1.0446;0.5253;214.0;2.0
-1.9599;0.5807;-0.2107;1.1579;0.4477;190.0;2.0
-0.3084;1.8081;-0.6188;1.0426;0.38;197.0;2.0
-1.9712;0.9211;0.2565;0.6905;0.5766;182.0;2.0
0.0973;1.298;-0.9798;0.6364;0.4629;222.0;2.0
-0.2174;0.948;-1.0755;1.359;0.2715;217.0;2.0
0.3472;0.8463;0.0676;1.3223;0.5892;167.0;2.0
-0.5459;2.0757;-0.7326;2.1386;0.5063;221.0;2.0
-0.5602;2.5964;-1.7712;1.0275;1.0266;154.0;2.0
0.1443;0.1556;-0.1418;1.073;0.1869;147.0;2.0
-0.1148;0.3047;-0.0414;0.902;0.2126;169.0;2.0
-0.1366;1.2496;-0.5111;0.9589;0.3389;125.0;2.0
-0.2918;0.5006;-2.3261;0.5867;0.5555;151.0;2.0
-0.1379;1.4322;-1.4266;1.2705;0.4321;162.0;2.0
-0.2359;1.1213;0.014;1.1269;0.3434;200.0;2.0
-0.0839;1.4163;-0.4238;1.0833;0.3731;208.0;2.0
-0.6911;2.3999;-1.1067;2.1143;0.8981;156.0;2.0
-1.9931;0.7555;0.7487;1.3311;0.5649;155.0;2.0
-0.237;1.2142;0.0363;1.4242;0.3881;209.0;2.0
-0.1454;1.6432;-2.2496;1.0448;0.6906;227.0;2.0
-0.1517;1.0894;0.091;1.0294;0.3557;203.0;2.0
0.458;0.4681;-0.2944;1.0935;0.4822;223.0;2.0
0.3677;0.8247;-0.1158;0.5298;0.6661;165.0;2.0
-0.0826;0.5724;-0.3789;0.958;0.5882;161.0;2.0
0.2652;0.9224;-0.0436;1.4375;0.6083;167.0;2.0
-2.0973;0.6583;-0.0994;1.5;0.4987;186.0;2.0
-0.2797;1.1658;0.0132;1.7176;0.3786;201.0;2.0
-0.1994;1.303;-2.0858;1.1411;0.631;220.0;2.0
-1.1299;0.4425;-0.0708;0.9792;0.2782;163.0;2.0
-0.53;1.8029;-0.9099;1.0473;0.4435;261.0;2.0
-0.1639;1.2683;-1.7608;0.5311;0.5139;202.0;2.0
-0.1201;1.2243;0.1353;0.8228;0.3867;181.0;2.0
-0.487;1.1354;-1.6629;2.0353;0.486;126.0;2.0
0.3992;0.9751;0.0311;1.5;0.6483;165.0;2.0
0.0062;0.7162;-0.2292;0.9835;0.6345;178.0;2.0
-0.3336;1.0733;0.0654;0.982;0.4036;172.0;2.0
-0.2487;1.751;-1.1375;0.8492;0.4689;164.0;2.0
-0.1238;1.8696;-1.2415;0.6389;0.5719;116.0;2.0
-0.2919;1.3175;-0.6252;0.9153;0.2774;240.0;2.0
0.271;0.341;0.305;1.0435;0.3084;235.0;2.0
0.2021;0.2879;-0.1561;0.8106;0.2188;172.0;2.0
-0.2114;1.1861;0.1845;1.6465;0.4231;185.0;2.0
0.8498;0.9752;-0.1845;1.4625;0.6604;167.0;2.0
-0.0856;3.0577;-1.3208;1.9469;1.0116;158.0;2.0
-0.2383;1.1373;0.0216;0.7025;0.3717;195.0;2.0
0.3188;0.9524;-0.0003;1.0;0.6597;123.0;2.0
-0.2278;1.5606;-1.5914;1.2522;0.4929;157.0;2.0
-0.2458;1.7402;-1.3369;1.2165;0.4777;170.0;2.0
0.5345;1.2297;0.1606;1.1304;0.6943;158.0;2.0
-0.1955;1.1961;0.1234;1.5161;0.3242;283.0;2.0
-0.1626;1.3556;-2.1778;0.9753;0.6991;243.0;2.0
-0.6661;0.6531;-0.7946;0.9669;0.3462;208.0;2.0
-1.7441;0.6912;0.5424;1.5088;0.5033;133.0;2.0
-0.6545;2.6334;-1.9722;0.8871;1.0357;160.0;2.0
-0.0677;1.4271;-1.8608;1.6012;0.6221;233.0;2.0
-0.2439;0.3174;-1.5142;0.9653;0.3177;242.0;2.0
-0.2392;0.6989;-0.7503;0.75;0.2847;216.0;2.0
0.291;0.3149;-0.0475;1.0;0.2331;174.0;2.0
0.5799;0.6751;-0.1113;1.0533;0.3176;206.0;2.0
-0.1679;1.4935;-2.1012;1.4667;0.6641;246.0;2.0
0.332;0.3477;-0.0771;0.8849;0.2358;142.0;2.0
-0.2841;1.9043;-0.6391;1.7557;0.485;284.0;2.0
-0.3712;0.9585;0.0549;1.7955;0.3482;222.0;2.0
0.138;1.1491;-0.7867;1.0301;0.2575;214.0;2.0
-0.8868;0.8521;0.838;0.5644;0.3857;186.0;2.0
-0.2599;2.4705;-0.6167;0.9583;0.5163;246.0;2.0
0.2185;0.6756;0.0123;1.8879;0.4404;212.0;2.0
-0.1272;1.0353;-2.1491;0.9821;0.6698;156.0;2.0
-0.1833;1.7863;-1.339;1.3111;0.4868;164.0;2.0
-0.7348;2.3774;-1.3085;0.6917;0.977;153.0;2.0
-0.1743;1.1105;0.0882;1.3158;0.3765;176.0;2.0
0.1376;2.4897;-1.2315;0.9865;0.6561;232.0;2.0
0.3267;0.5208;0.3431;1.2632;0.4296;188.0;2.0
0.3739;0.7393;-0.0731;1.5132;0.6064;163.0;2.0
-0.54;1.9856;-0.867;0.988;0.5043;257.0;2.0
-0.272;1.1412;-0.0409;1.2481;0.3556;228.0;2.0
-0.5696;2.5495;-2.2222;0.9652;1.1293;159.0;2.0
0.1656;0.2441;0.2212;1.0656;0.3007;235.0;2.0
0.6376;1.1374;0.1781;1.0261;0.6844;172.0;2.0
-0.3566;2.2454;-0.7474;1.9076;0.5315;245.0;2.0
0.3301;0.9636;0.0516;1.4096;0.6043;163.0;2.0
0.2338;0.2557;0.2347;1.5556;0.2127;178.0;2.0
-0.3617;2.0272;-0.6547;0.873;0.4881;244.0;2.0
0.7949;0.7979;-0.0844;1.5325;0.6361;170.0;2.0
0.1439;0.6992;-0.1976;1.3077;0.5523;166.0;2.0
-0.2067;1.1611;0.0336;1.1567;0.3822;183.0;2.0
-0.4595;2.608;-1.8913;0.9908;1.0376;159.0;2.0
0.3664;0.3924;-0.4097;1.1462;0.4411;195.0;2.0
-0.2824;1.9827;-0.6696;1.6014;0.4866;229.0;2.0
-0.3396;2.7671;-0.8573;0.991;0.9924;154.0;2.0
0.693;1.2252;0.2585;0.4034;0.7205;164.0;2.0
-0.632;0.9297;-1.6678;1.4815;0.4423;160.0;2.0
1.3076;1.3363;-0.1938;1.9136;0.6666;233.0;2.0
-0.1943;1.1033;0.1297;1.1016;0.3911;166.0;2.0
-0.4098;0.8285;-0.9032;1.0403;0.266;244.0;2.0
-0.1699;2.0637;-1.2278;0.9915;0.7261;163.0;2.0
